user_id,1,2,3,4,5,6,7,8,9,10,11,12,13,14,15
2,66.28704064903495,126.480509875623,122.83950561511003,108.90072979391292,117.71760506695395,90.6304486887936,70.80736838452802,87.05204086940583,68.99694500768346,88.44873565366322,91.43335568461693,75.68647637633607,90.03675516470088,69.48765220031987,66.8601477235862
3,66.28704064903495,126.480509875623,122.83950561511003,108.90072979391292,117.71760506695395,90.6304486887936,70.80736838452802,87.05204086940583,68.99694500768346,88.44873565366322,91.43335568461693,75.68647637633607,90.03675516470088,69.48765220031987,66.8601477235862
6,66.28704064903495,126.480509875623,122.83950561511003,108.90072979391292,117.71760506695395,90.6304486887936,70.80736838452802,87.05204086940583,68.99694500768346,88.44873565366322,91.43335568461693,75.68647637633607,90.03675516470088,69.48765220031987,66.8601477235862
11,66.28704064903495,126.480509875623,122.83950561511003,108.90072979391292,117.71760506695395,90.6304486887936,70.80736838452802,87.05204086940583,68.99694500768346,88.44873565366322,91.43335568461693,75.68647637633607,90.03675516470088,69.48765220031987,66.8601477235862
12,66.28704064903495,126.480509875623,122.83950561511003,108.90072979391292,117.71760506695395,90.6304486887936,70.80736838452802,87.05204086940583,68.99694500768346,88.44873565366322,91.43335568461693,75.68647637633607,90.03675516470088,69.48765220031987,66.8601477235862
16,66.28704064903495,126.480509875623,122.83950561511003,108.90072979391292,117.71760506695395,90.6304486887936,70.80736838452802,87.05204086940583,68.99694500768346,88.44873565366322,91.43335568461693,75.68647637633607,90.03675516470088,69.48765220031987,66.8601477235862
18,66.28704064903495,126.480509875623,122.83950561511003,108.90072979391292,117.71760506695395,90.6304486887936,70.80736838452802,87.05204086940583,68.99694500768346,88.44873565366322,91.43335568461693,75.68647637633607,90.03675516470088,69.48765220031987,66.8601477235862
22,66.28704064903495,126.480509875623,122.83950561511003,108.90072979391292,117.71760506695395,90.6304486887936,70.80736838452802,87.05204086940583,68.99694500768346,88.44873565366322,91.43335568461693,75.68647637633607,90.03675516470088,69.48765220031987,66.8601477235862
23,66.28704064903495,126.480509875623,122.83950561511003,108.90072979391292,117.71760506695395,90.6304486887936,70.80736838452802,87.05204086940583,68.99694500768346,88.44873565366322,91.43335568461693,75.68647637633607,90.03675516470088,69.48765220031987,66.8601477235862
24,66.28704064903495,126.480509875623,122.83950561511003,108.90072979391292,117.71760506695395,90.6304486887936,70.80736838452802,87.05204086940583,68.99694500768346,88.44873565366322,91.43335568461693,75.68647637633607,90.03675516470088,69.48765220031987,66.8601477235862
26,66.28704064903495,126.480509875623,122.83950561511003,108.90072979391292,117.71760506695395,90.6304486887936,70.80736838452802,87.05204086940583,68.99694500768346,88.44873565366322,91.43335568461693,75.68647637633607,90.03675516470088,69.48765220031987,66.8601477235862
27,66.28704064903495,126.480509875623,122.83950561511003,108.90072979391292,117.71760506695395,90.6304486887936,70.80736838452802,87.05204086940583,68.99694500768346,88.44873565366322,91.43335568461693,75.68647637633607,90.03675516470088,69.48765220031987,66.8601477235862
33,66.28704064903495,126.480509875623,122.83950561511003,108.90072979391292,117.71760506695395,90.6304486887936,70.80736838452802,87.05204086940583,68.99694500768346,88.44873565366322,91.43335568461693,75.68647637633607,90.03675516470088,69.48765220031987,66.8601477235862
34,66.28704064903495,126.480509875623,122.83950561511003,108.90072979391292,117.71760506695395,90.6304486887936,70.80736838452802,87.05204086940583,68.99694500768346,88.44873565366322,91.43335568461693,75.68647637633607,90.03675516470088,69.48765220031987,66.8601477235862
38,66.28704064903495,126.480509875623,122.83950561511003,108.90072979391292,117.71760506695395,90.6304486887936,70.80736838452802,87.05204086940583,68.99694500768346,88.44873565366322,91.43335568461693,75.68647637633607,90.03675516470088,69.48765220031987,66.8601477235862
40,66.28704064903495,126.480509875623,122.83950561511003,108.90072979391292,117.71760506695395,90.6304486887936,70.80736838452802,87.05204086940583,68.99694500768346,88.44873565366322,91.43335568461693,75.68647637633607,90.03675516470088,69.48765220031987,66.8601477235862
48,66.28704064903495,126.480509875623,122.83950561511003,108.90072979391292,117.71760506695395,90.6304486887936,70.80736838452802,87.05204086940583,68.99694500768346,88.44873565366322,91.43335568461693,75.68647637633607,90.03675516470088,69.48765220031987,66.8601477235862
61,66.28704064903495,126.480509875623,122.83950561511003,108.90072979391292,117.71760506695395,90.6304486887936,70.80736838452802,87.05204086940583,68.99694500768346,88.44873565366322,91.43335568461693,75.68647637633607,90.03675516470088,69.48765220031987,66.8601477235862
62,66.28704064903495,126.480509875623,122.83950561511003,108.90072979391292,117.71760506695395,90.6304486887936,70.80736838452802,87.05204086940583,68.99694500768346,88.44873565366322,91.43335568461693,75.68647637633607,90.03675516470088,69.48765220031987,66.8601477235862
65,66.28704064903495,126.480509875623,122.83950561511003,108.90072979391292,117.71760506695395,90.6304486887936,70.80736838452802,87.05204086940583,68.99694500768346,88.44873565366322,91.43335568461693,75.68647637633607,90.03675516470088,69.48765220031987,66.8601477235862
82,66.28704064903495,126.480509875623,122.83950561511003,108.90072979391292,117.71760506695395,90.6304486887936,70.80736838452802,87.05204086940583,68.99694500768346,88.44873565366322,91.43335568461693,75.68647637633607,90.03675516470088,69.48765220031987,66.8601477235862
85,66.28704064903495,126.480509875623,122.83950561511003,108.90072979391292,117.71760506695395,90.6304486887936,70.80736838452802,87.05204086940583,68.99694500768346,88.44873565366322,91.43335568461693,75.68647637633607,90.03675516470088,69.48765220031987,66.8601477235862
86,66.28704064903495,126.480509875623,122.83950561511003,108.90072979391292,117.71760506695395,90.6304486887936,70.80736838452802,87.05204086940583,68.99694500768346,88.44873565366322,91.43335568461693,75.68647637633607,90.03675516470088,69.48765220031987,66.8601477235862
87,66.28704064903495,126.480509875623,122.83950561511003,108.90072979391292,117.71760506695395,90.6304486887936,70.80736838452802,87.05204086940583,68.99694500768346,88.44873565366322,91.43335568461693,75.68647637633607,90.03675516470088,69.48765220031987,66.8601477235862
88,66.28704064903495,126.480509875623,122.83950561511003,108.90072979391292,117.71760506695395,90.6304486887936,70.80736838452802,87.05204086940583,68.99694500768346,88.44873565366322,91.43335568461693,75.68647637633607,90.03675516470088,69.48765220031987,66.8601477235862
91,66.28704064903495,126.480509875623,122.83950561511003,108.90072979391292,117.71760506695395,90.6304486887936,70.80736838452802,87.05204086940583,68.99694500768346,88.44873565366322,91.43335568461693,75.68647637633607,90.03675516470088,69.48765220031987,66.8601477235862
96,66.28704064903495,126.480509875623,122.83950561511003,108.90072979391292,117.71760506695395,90.6304486887936,70.80736838452802,87.05204086940583,68.99694500768346,88.44873565366322,91.43335568461693,75.68647637633607,90.03675516470088,69.48765220031987,66.8601477235862
103,66.28704064903495,126.480509875623,122.83950561511003,108.90072979391292,117.71760506695395,90.6304486887936,70.80736838452802,87.05204086940583,68.99694500768346,88.44873565366322,91.43335568461693,75.68647637633607,90.03675516470088,69.48765220031987,66.8601477235862
108,66.28704064903495,126.480509875623,122.83950561511003,108.90072979391292,117.71760506695395,90.6304486887936,70.80736838452802,87.05204086940583,68.99694500768346,88.44873565366322,91.43335568461693,75.68647637633607,90.03675516470088,69.48765220031987,66.8601477235862
114,66.28704064903495,126.480509875623,122.83950561511003,108.90072979391292,117.71760506695395,90.6304486887936,70.80736838452802,87.05204086940583,68.99694500768346,88.44873565366322,91.43335568461693,75.68647637633607,90.03675516470088,69.48765220031987,66.8601477235862
120,66.28704064903495,126.480509875623,122.83950561511003,108.90072979391292,117.71760506695395,90.6304486887936,70.80736838452802,87.05204086940583,68.99694500768346,88.44873565366322,91.43335568461693,75.68647637633607,90.03675516470088,69.48765220031987,66.8601477235862
123,66.28704064903495,126.480509875623,122.83950561511003,108.90072979391292,117.71760506695395,90.6304486887936,70.80736838452802,87.05204086940583,68.99694500768346,88.44873565366322,91.43335568461693,75.68647637633607,90.03675516470088,69.48765220031987,66.8601477235862
128,66.28704064903495,126.480509875623,122.83950561511003,108.90072979391292,117.71760506695395,90.6304486887936,70.80736838452802,87.05204086940583,68.99694500768346,88.44873565366322,91.43335568461693,75.68647637633607,90.03675516470088,69.48765220031987,66.8601477235862
136,66.28704064903495,126.480509875623,122.83950561511003,108.90072979391292,117.71760506695395,90.6304486887936,70.80736838452802,87.05204086940583,68.99694500768346,88.44873565366322,91.43335568461693,75.68647637633607,90.03675516470088,69.48765220031987,66.8601477235862
139,66.28704064903495,126.480509875623,122.83950561511003,108.90072979391292,117.71760506695395,90.6304486887936,70.80736838452802,87.05204086940583,68.99694500768346,88.44873565366322,91.43335568461693,75.68647637633607,90.03675516470088,69.48765220031987,66.8601477235862
143,66.28704064903495,126.480509875623,122.83950561511003,108.90072979391292,117.71760506695395,90.6304486887936,70.80736838452802,87.05204086940583,68.99694500768346,88.44873565366322,91.43335568461693,75.68647637633607,90.03675516470088,69.48765220031987,66.8601477235862
145,66.28704064903495,126.480509875623,122.83950561511003,108.90072979391292,117.71760506695395,90.6304486887936,70.80736838452802,87.05204086940583,68.99694500768346,88.44873565366322,91.43335568461693,75.68647637633607,90.03675516470088,69.48765220031987,66.8601477235862
148,66.28704064903495,126.480509875623,122.83950561511003,108.90072979391292,117.71760506695395,90.6304486887936,70.80736838452802,87.05204086940583,68.99694500768346,88.44873565366322,91.43335568461693,75.68647637633607,90.03675516470088,69.48765220031987,66.8601477235862
152,66.28704064903495,126.480509875623,122.83950561511003,108.90072979391292,117.71760506695395,90.6304486887936,70.80736838452802,87.05204086940583,68.99694500768346,88.44873565366322,91.43335568461693,75.68647637633607,90.03675516470088,69.48765220031987,66.8601477235862
153,66.28704064903495,126.480509875623,122.83950561511003,108.90072979391292,117.71760506695395,90.6304486887936,70.80736838452802,87.05204086940583,68.99694500768346,88.44873565366322,91.43335568461693,75.68647637633607,90.03675516470088,69.48765220031987,66.8601477235862
157,66.28704064903495,126.480509875623,122.83950561511003,108.90072979391292,117.71760506695395,90.6304486887936,70.80736838452802,87.05204086940583,68.99694500768346,88.44873565366322,91.43335568461693,75.68647637633607,90.03675516470088,69.48765220031987,66.8601477235862
165,66.28704064903495,126.480509875623,122.83950561511003,108.90072979391292,117.71760506695395,90.6304486887936,70.80736838452802,87.05204086940583,68.99694500768346,88.44873565366322,91.43335568461693,75.68647637633607,90.03675516470088,69.48765220031987,66.8601477235862
170,66.28704064903495,126.480509875623,122.83950561511003,108.90072979391292,117.71760506695395,90.6304486887936,70.80736838452802,87.05204086940583,68.99694500768346,88.44873565366322,91.43335568461693,75.68647637633607,90.03675516470088,69.48765220031987,66.8601477235862
176,66.28704064903495,126.480509875623,122.83950561511003,108.90072979391292,117.71760506695395,90.6304486887936,70.80736838452802,87.05204086940583,68.99694500768346,88.44873565366322,91.43335568461693,75.68647637633607,90.03675516470088,69.48765220031987,66.8601477235862
180,66.28704064903495,126.480509875623,122.83950561511003,108.90072979391292,117.71760506695395,90.6304486887936,70.80736838452802,87.05204086940583,68.99694500768346,88.44873565366322,91.43335568461693,75.68647637633607,90.03675516470088,69.48765220031987,66.8601477235862
184,66.28704064903495,126.480509875623,122.83950561511003,108.90072979391292,117.71760506695395,90.6304486887936,70.80736838452802,87.05204086940583,68.99694500768346,88.44873565366322,91.43335568461693,75.68647637633607,90.03675516470088,69.48765220031987,66.8601477235862
206,66.28704064903495,126.480509875623,122.83950561511003,108.90072979391292,117.71760506695395,90.6304486887936,70.80736838452802,87.05204086940583,68.99694500768346,88.44873565366322,91.43335568461693,75.68647637633607,90.03675516470088,69.48765220031987,66.8601477235862
213,66.28704064903495,126.480509875623,122.83950561511003,108.90072979391292,117.71760506695395,90.6304486887936,70.80736838452802,87.05204086940583,68.99694500768346,88.44873565366322,91.43335568461693,75.68647637633607,90.03675516470088,69.48765220031987,66.8601477235862
216,66.28704064903495,126.480509875623,122.83950561511003,108.90072979391292,117.71760506695395,90.6304486887936,70.80736838452802,87.05204086940583,68.99694500768346,88.44873565366322,91.43335568461693,75.68647637633607,90.03675516470088,69.48765220031987,66.8601477235862
220,66.28704064903495,126.480509875623,122.83950561511003,108.90072979391292,117.71760506695395,90.6304486887936,70.80736838452802,87.05204086940583,68.99694500768346,88.44873565366322,91.43335568461693,75.68647637633607,90.03675516470088,69.48765220031987,66.8601477235862
235,66.28704064903495,126.480509875623,122.83950561511003,108.90072979391292,117.71760506695395,90.6304486887936,70.80736838452802,87.05204086940583,68.99694500768346,88.44873565366322,91.43335568461693,75.68647637633607,90.03675516470088,69.48765220031987,66.8601477235862
242,66.28704064903495,126.480509875623,122.83950561511003,108.90072979391292,117.71760506695395,90.6304486887936,70.80736838452802,87.05204086940583,68.99694500768346,88.44873565366322,91.43335568461693,75.68647637633607,90.03675516470088,69.48765220031987,66.8601477235862
248,66.28704064903495,126.480509875623,122.83950561511003,108.90072979391292,117.71760506695395,90.6304486887936,70.80736838452802,87.05204086940583,68.99694500768346,88.44873565366322,91.43335568461693,75.68647637633607,90.03675516470088,69.48765220031987,66.8601477235862
250,66.28704064903495,126.480509875623,122.83950561511003,108.90072979391292,117.71760506695395,90.6304486887936,70.80736838452802,87.05204086940583,68.99694500768346,88.44873565366322,91.43335568461693,75.68647637633607,90.03675516470088,69.48765220031987,66.8601477235862
256,66.28704064903495,126.480509875623,122.83950561511003,108.90072979391292,117.71760506695395,90.6304486887936,70.80736838452802,87.05204086940583,68.99694500768346,88.44873565366322,91.43335568461693,75.68647637633607,90.03675516470088,69.48765220031987,66.8601477235862
257,66.28704064903495,126.480509875623,122.83950561511003,108.90072979391292,117.71760506695395,90.6304486887936,70.80736838452802,87.05204086940583,68.99694500768346,88.44873565366322,91.43335568461693,75.68647637633607,90.03675516470088,69.48765220031987,66.8601477235862
259,66.28704064903495,126.480509875623,122.83950561511003,108.90072979391292,117.71760506695395,90.6304486887936,70.80736838452802,87.05204086940583,68.99694500768346,88.44873565366322,91.43335568461693,75.68647637633607,90.03675516470088,69.48765220031987,66.8601477235862
268,66.28704064903495,126.480509875623,122.83950561511003,108.90072979391292,117.71760506695395,90.6304486887936,70.80736838452802,87.05204086940583,68.99694500768346,88.44873565366322,91.43335568461693,75.68647637633607,90.03675516470088,69.48765220031987,66.8601477235862
269,66.28704064903495,126.480509875623,122.83950561511003,108.90072979391292,117.71760506695395,90.6304486887936,70.80736838452802,87.05204086940583,68.99694500768346,88.44873565366322,91.43335568461693,75.68647637633607,90.03675516470088,69.48765220031987,66.8601477235862
277,66.28704064903495,126.480509875623,122.83950561511003,108.90072979391292,117.71760506695395,90.6304486887936,70.80736838452802,87.05204086940583,68.99694500768346,88.44873565366322,91.43335568461693,75.68647637633607,90.03675516470088,69.48765220031987,66.8601477235862
285,66.28704064903495,126.480509875623,122.83950561511003,108.90072979391292,117.71760506695395,90.6304486887936,70.80736838452802,87.05204086940583,68.99694500768346,88.44873565366322,91.43335568461693,75.68647637633607,90.03675516470088,69.48765220031987,66.8601477235862
286,66.28704064903495,126.480509875623,122.83950561511003,108.90072979391292,117.71760506695395,90.6304486887936,70.80736838452802,87.05204086940583,68.99694500768346,88.44873565366322,91.43335568461693,75.68647637633607,90.03675516470088,69.48765220031987,66.8601477235862
294,66.28704064903495,126.480509875623,122.83950561511003,108.90072979391292,117.71760506695395,90.6304486887936,70.80736838452802,87.05204086940583,68.99694500768346,88.44873565366322,91.43335568461693,75.68647637633607,90.03675516470088,69.48765220031987,66.8601477235862
302,66.28704064903495,126.480509875623,122.83950561511003,108.90072979391292,117.71760506695395,90.6304486887936,70.80736838452802,87.05204086940583,68.99694500768346,88.44873565366322,91.43335568461693,75.68647637633607,90.03675516470088,69.48765220031987,66.8601477235862
313,66.28704064903495,126.480509875623,122.83950561511003,108.90072979391292,117.71760506695395,90.6304486887936,70.80736838452802,87.05204086940583,68.99694500768346,88.44873565366322,91.43335568461693,75.68647637633607,90.03675516470088,69.48765220031987,66.8601477235862
322,66.28704064903495,126.480509875623,122.83950561511003,108.90072979391292,117.71760506695395,90.6304486887936,70.80736838452802,87.05204086940583,68.99694500768346,88.44873565366322,91.43335568461693,75.68647637633607,90.03675516470088,69.48765220031987,66.8601477235862
325,66.28704064903495,126.480509875623,122.83950561511003,108.90072979391292,117.71760506695395,90.6304486887936,70.80736838452802,87.05204086940583,68.99694500768346,88.44873565366322,91.43335568461693,75.68647637633607,90.03675516470088,69.48765220031987,66.8601477235862
337,66.28704064903495,126.480509875623,122.83950561511003,108.90072979391292,117.71760506695395,90.6304486887936,70.80736838452802,87.05204086940583,68.99694500768346,88.44873565366322,91.43335568461693,75.68647637633607,90.03675516470088,69.48765220031987,66.8601477235862
365,66.28704064903495,126.480509875623,122.83950561511003,108.90072979391292,117.71760506695395,90.6304486887936,70.80736838452802,87.05204086940583,68.99694500768346,88.44873565366322,91.43335568461693,75.68647637633607,90.03675516470088,69.48765220031987,66.8601477235862
366,66.28704064903495,126.480509875623,122.83950561511003,108.90072979391292,117.71760506695395,90.6304486887936,70.80736838452802,87.05204086940583,68.99694500768346,88.44873565366322,91.43335568461693,75.68647637633607,90.03675516470088,69.48765220031987,66.8601477235862
367,66.28704064903495,126.480509875623,122.83950561511003,108.90072979391292,117.71760506695395,90.6304486887936,70.80736838452802,87.05204086940583,68.99694500768346,88.44873565366322,91.43335568461693,75.68647637633607,90.03675516470088,69.48765220031987,66.8601477235862
382,66.28704064903495,126.480509875623,122.83950561511003,108.90072979391292,117.71760506695395,90.6304486887936,70.80736838452802,87.05204086940583,68.99694500768346,88.44873565366322,91.43335568461693,75.68647637633607,90.03675516470088,69.48765220031987,66.8601477235862
384,66.28704064903495,126.480509875623,122.83950561511003,108.90072979391292,117.71760506695395,90.6304486887936,70.80736838452802,87.05204086940583,68.99694500768346,88.44873565366322,91.43335568461693,75.68647637633607,90.03675516470088,69.48765220031987,66.8601477235862
386,66.28704064903495,126.480509875623,122.83950561511003,108.90072979391292,117.71760506695395,90.6304486887936,70.80736838452802,87.05204086940583,68.99694500768346,88.44873565366322,91.43335568461693,75.68647637633607,90.03675516470088,69.48765220031987,66.8601477235862
388,66.28704064903495,126.480509875623,122.83950561511003,108.90072979391292,117.71760506695395,90.6304486887936,70.80736838452802,87.05204086940583,68.99694500768346,88.44873565366322,91.43335568461693,75.68647637633607,90.03675516470088,69.48765220031987,66.8601477235862
389,66.28704064903495,126.480509875623,122.83950561511003,108.90072979391292,117.71760506695395,90.6304486887936,70.80736838452802,87.05204086940583,68.99694500768346,88.44873565366322,91.43335568461693,75.68647637633607,90.03675516470088,69.48765220031987,66.8601477235862
393,66.28704064903495,126.480509875623,122.83950561511003,108.90072979391292,117.71760506695395,90.6304486887936,70.80736838452802,87.05204086940583,68.99694500768346,88.44873565366322,91.43335568461693,75.68647637633607,90.03675516470088,69.48765220031987,66.8601477235862
404,66.28704064903495,126.480509875623,122.83950561511003,108.90072979391292,117.71760506695395,90.6304486887936,70.80736838452802,87.05204086940583,68.99694500768346,88.44873565366322,91.43335568461693,75.68647637633607,90.03675516470088,69.48765220031987,66.8601477235862
407,66.28704064903495,126.480509875623,122.83950561511003,108.90072979391292,117.71760506695395,90.6304486887936,70.80736838452802,87.05204086940583,68.99694500768346,88.44873565366322,91.43335568461693,75.68647637633607,90.03675516470088,69.48765220031987,66.8601477235862
413,66.28704064903495,126.480509875623,122.83950561511003,108.90072979391292,117.71760506695395,90.6304486887936,70.80736838452802,87.05204086940583,68.99694500768346,88.44873565366322,91.43335568461693,75.68647637633607,90.03675516470088,69.48765220031987,66.8601477235862
419,66.28704064903495,126.480509875623,122.83950561511003,108.90072979391292,117.71760506695395,90.6304486887936,70.80736838452802,87.05204086940583,68.99694500768346,88.44873565366322,91.43335568461693,75.68647637633607,90.03675516470088,69.48765220031987,66.8601477235862
420,66.28704064903495,126.480509875623,122.83950561511003,108.90072979391292,117.71760506695395,90.6304486887936,70.80736838452802,87.05204086940583,68.99694500768346,88.44873565366322,91.43335568461693,75.68647637633607,90.03675516470088,69.48765220031987,66.8601477235862
427,66.28704064903495,126.480509875623,122.83950561511003,108.90072979391292,117.71760506695395,90.6304486887936,70.80736838452802,87.05204086940583,68.99694500768346,88.44873565366322,91.43335568461693,75.68647637633607,90.03675516470088,69.48765220031987,66.8601477235862
430,66.28704064903495,126.480509875623,122.83950561511003,108.90072979391292,117.71760506695395,90.6304486887936,70.80736838452802,87.05204086940583,68.99694500768346,88.44873565366322,91.43335568461693,75.68647637633607,90.03675516470088,69.48765220031987,66.8601477235862
432,66.28704064903495,126.480509875623,122.83950561511003,108.90072979391292,117.71760506695395,90.6304486887936,70.80736838452802,87.05204086940583,68.99694500768346,88.44873565366322,91.43335568461693,75.68647637633607,90.03675516470088,69.48765220031987,66.8601477235862
438,66.28704064903495,126.480509875623,122.83950561511003,108.90072979391292,117.71760506695395,90.6304486887936,70.80736838452802,87.05204086940583,68.99694500768346,88.44873565366322,91.43335568461693,75.68647637633607,90.03675516470088,69.48765220031987,66.8601477235862
439,66.28704064903495,126.480509875623,122.83950561511003,108.90072979391292,117.71760506695395,90.6304486887936,70.80736838452802,87.05204086940583,68.99694500768346,88.44873565366322,91.43335568461693,75.68647637633607,90.03675516470088,69.48765220031987,66.8601477235862
445,66.28704064903495,126.480509875623,122.83950561511003,108.90072979391292,117.71760506695395,90.6304486887936,70.80736838452802,87.05204086940583,68.99694500768346,88.44873565366322,91.43335568461693,75.68647637633607,90.03675516470088,69.48765220031987,66.8601477235862
456,66.28704064903495,126.480509875623,122.83950561511003,108.90072979391292,117.71760506695395,90.6304486887936,70.80736838452802,87.05204086940583,68.99694500768346,88.44873565366322,91.43335568461693,75.68647637633607,90.03675516470088,69.48765220031987,66.8601477235862
458,66.28704064903495,126.480509875623,122.83950561511003,108.90072979391292,117.71760506695395,90.6304486887936,70.80736838452802,87.05204086940583,68.99694500768346,88.44873565366322,91.43335568461693,75.68647637633607,90.03675516470088,69.48765220031987,66.8601477235862
462,66.28704064903495,126.480509875623,122.83950561511003,108.90072979391292,117.71760506695395,90.6304486887936,70.80736838452802,87.05204086940583,68.99694500768346,88.44873565366322,91.43335568461693,75.68647637633607,90.03675516470088,69.48765220031987,66.8601477235862
470,66.28704064903495,126.480509875623,122.83950561511003,108.90072979391292,117.71760506695395,90.6304486887936,70.80736838452802,87.05204086940583,68.99694500768346,88.44873565366322,91.43335568461693,75.68647637633607,90.03675516470088,69.48765220031987,66.8601477235862
484,66.28704064903495,126.480509875623,122.83950561511003,108.90072979391292,117.71760506695395,90.6304486887936,70.80736838452802,87.05204086940583,68.99694500768346,88.44873565366322,91.43335568461693,75.68647637633607,90.03675516470088,69.48765220031987,66.8601477235862
490,66.28704064903495,126.480509875623,122.83950561511003,108.90072979391292,117.71760506695395,90.6304486887936,70.80736838452802,87.05204086940583,68.99694500768346,88.44873565366322,91.43335568461693,75.68647637633607,90.03675516470088,69.48765220031987,66.8601477235862
493,66.28704064903495,126.480509875623,122.83950561511003,108.90072979391292,117.71760506695395,90.6304486887936,70.80736838452802,87.05204086940583,68.99694500768346,88.44873565366322,91.43335568461693,75.68647637633607,90.03675516470088,69.48765220031987,66.8601477235862
495,66.28704064903495,126.480509875623,122.83950561511003,108.90072979391292,117.71760506695395,90.6304486887936,70.80736838452802,87.05204086940583,68.99694500768346,88.44873565366322,91.43335568461693,75.68647637633607,90.03675516470088,69.48765220031987,66.8601477235862
498,66.28704064903495,126.480509875623,122.83950561511003,108.90072979391292,117.71760506695395,90.6304486887936,70.80736838452802,87.05204086940583,68.99694500768346,88.44873565366322,91.43335568461693,75.68647637633607,90.03675516470088,69.48765220031987,66.8601477235862
501,66.28704064903495,126.480509875623,122.83950561511003,108.90072979391292,117.71760506695395,90.6304486887936,70.80736838452802,87.05204086940583,68.99694500768346,88.44873565366322,91.43335568461693,75.68647637633607,90.03675516470088,69.48765220031987,66.8601477235862
509,66.28704064903495,126.480509875623,122.83950561511003,108.90072979391292,117.71760506695395,90.6304486887936,70.80736838452802,87.05204086940583,68.99694500768346,88.44873565366322,91.43335568461693,75.68647637633607,90.03675516470088,69.48765220031987,66.8601477235862
512,66.28704064903495,126.480509875623,122.83950561511003,108.90072979391292,117.71760506695395,90.6304486887936,70.80736838452802,87.05204086940583,68.99694500768346,88.44873565366322,91.43335568461693,75.68647637633607,90.03675516470088,69.48765220031987,66.8601477235862
523,66.28704064903495,126.480509875623,122.83950561511003,108.90072979391292,117.71760506695395,90.6304486887936,70.80736838452802,87.05204086940583,68.99694500768346,88.44873565366322,91.43335568461693,75.68647637633607,90.03675516470088,69.48765220031987,66.8601477235862
526,66.28704064903495,126.480509875623,122.83950561511003,108.90072979391292,117.71760506695395,90.6304486887936,70.80736838452802,87.05204086940583,68.99694500768346,88.44873565366322,91.43335568461693,75.68647637633607,90.03675516470088,69.48765220031987,66.8601477235862
528,66.28704064903495,126.480509875623,122.83950561511003,108.90072979391292,117.71760506695395,90.6304486887936,70.80736838452802,87.05204086940583,68.99694500768346,88.44873565366322,91.43335568461693,75.68647637633607,90.03675516470088,69.48765220031987,66.8601477235862
529,66.28704064903495,126.480509875623,122.83950561511003,108.90072979391292,117.71760506695395,90.6304486887936,70.80736838452802,87.05204086940583,68.99694500768346,88.44873565366322,91.43335568461693,75.68647637633607,90.03675516470088,69.48765220031987,66.8601477235862
531,66.28704064903495,126.480509875623,122.83950561511003,108.90072979391292,117.71760506695395,90.6304486887936,70.80736838452802,87.05204086940583,68.99694500768346,88.44873565366322,91.43335568461693,75.68647637633607,90.03675516470088,69.48765220031987,66.8601477235862
533,66.28704064903495,126.480509875623,122.83950561511003,108.90072979391292,117.71760506695395,90.6304486887936,70.80736838452802,87.05204086940583,68.99694500768346,88.44873565366322,91.43335568461693,75.68647637633607,90.03675516470088,69.48765220031987,66.8601477235862
541,66.28704064903495,126.480509875623,122.83950561511003,108.90072979391292,117.71760506695395,90.6304486887936,70.80736838452802,87.05204086940583,68.99694500768346,88.44873565366322,91.43335568461693,75.68647637633607,90.03675516470088,69.48765220031987,66.8601477235862
546,66.28704064903495,126.480509875623,122.83950561511003,108.90072979391292,117.71760506695395,90.6304486887936,70.80736838452802,87.05204086940583,68.99694500768346,88.44873565366322,91.43335568461693,75.68647637633607,90.03675516470088,69.48765220031987,66.8601477235862
547,66.28704064903495,126.480509875623,122.83950561511003,108.90072979391292,117.71760506695395,90.6304486887936,70.80736838452802,87.05204086940583,68.99694500768346,88.44873565366322,91.43335568461693,75.68647637633607,90.03675516470088,69.48765220031987,66.8601477235862
549,66.28704064903495,126.480509875623,122.83950561511003,108.90072979391292,117.71760506695395,90.6304486887936,70.80736838452802,87.05204086940583,68.99694500768346,88.44873565366322,91.43335568461693,75.68647637633607,90.03675516470088,69.48765220031987,66.8601477235862
551,66.28704064903495,126.480509875623,122.83950561511003,108.90072979391292,117.71760506695395,90.6304486887936,70.80736838452802,87.05204086940583,68.99694500768346,88.44873565366322,91.43335568461693,75.68647637633607,90.03675516470088,69.48765220031987,66.8601477235862
552,66.28704064903495,126.480509875623,122.83950561511003,108.90072979391292,117.71760506695395,90.6304486887936,70.80736838452802,87.05204086940583,68.99694500768346,88.44873565366322,91.43335568461693,75.68647637633607,90.03675516470088,69.48765220031987,66.8601477235862
559,66.28704064903495,126.480509875623,122.83950561511003,108.90072979391292,117.71760506695395,90.6304486887936,70.80736838452802,87.05204086940583,68.99694500768346,88.44873565366322,91.43335568461693,75.68647637633607,90.03675516470088,69.48765220031987,66.8601477235862
566,66.28704064903495,126.480509875623,122.83950561511003,108.90072979391292,117.71760506695395,90.6304486887936,70.80736838452802,87.05204086940583,68.99694500768346,88.44873565366322,91.43335568461693,75.68647637633607,90.03675516470088,69.48765220031987,66.8601477235862
570,66.28704064903495,126.480509875623,122.83950561511003,108.90072979391292,117.71760506695395,90.6304486887936,70.80736838452802,87.05204086940583,68.99694500768346,88.44873565366322,91.43335568461693,75.68647637633607,90.03675516470088,69.48765220031987,66.8601477235862
571,66.28704064903495,126.480509875623,122.83950561511003,108.90072979391292,117.71760506695395,90.6304486887936,70.80736838452802,87.05204086940583,68.99694500768346,88.44873565366322,91.43335568461693,75.68647637633607,90.03675516470088,69.48765220031987,66.8601477235862
577,66.28704064903495,126.480509875623,122.83950561511003,108.90072979391292,117.71760506695395,90.6304486887936,70.80736838452802,87.05204086940583,68.99694500768346,88.44873565366322,91.43335568461693,75.68647637633607,90.03675516470088,69.48765220031987,66.8601477235862
579,66.28704064903495,126.480509875623,122.83950561511003,108.90072979391292,117.71760506695395,90.6304486887936,70.80736838452802,87.05204086940583,68.99694500768346,88.44873565366322,91.43335568461693,75.68647637633607,90.03675516470088,69.48765220031987,66.8601477235862
582,66.28704064903495,126.480509875623,122.83950561511003,108.90072979391292,117.71760506695395,90.6304486887936,70.80736838452802,87.05204086940583,68.99694500768346,88.44873565366322,91.43335568461693,75.68647637633607,90.03675516470088,69.48765220031987,66.8601477235862
584,66.28704064903495,126.480509875623,122.83950561511003,108.90072979391292,117.71760506695395,90.6304486887936,70.80736838452802,87.05204086940583,68.99694500768346,88.44873565366322,91.43335568461693,75.68647637633607,90.03675516470088,69.48765220031987,66.8601477235862
586,66.28704064903495,126.480509875623,122.83950561511003,108.90072979391292,117.71760506695395,90.6304486887936,70.80736838452802,87.05204086940583,68.99694500768346,88.44873565366322,91.43335568461693,75.68647637633607,90.03675516470088,69.48765220031987,66.8601477235862
599,66.28704064903495,126.480509875623,122.83950561511003,108.90072979391292,117.71760506695395,90.6304486887936,70.80736838452802,87.05204086940583,68.99694500768346,88.44873565366322,91.43335568461693,75.68647637633607,90.03675516470088,69.48765220031987,66.8601477235862
603,66.28704064903495,126.480509875623,122.83950561511003,108.90072979391292,117.71760506695395,90.6304486887936,70.80736838452802,87.05204086940583,68.99694500768346,88.44873565366322,91.43335568461693,75.68647637633607,90.03675516470088,69.48765220031987,66.8601477235862
605,66.28704064903495,126.480509875623,122.83950561511003,108.90072979391292,117.71760506695395,90.6304486887936,70.80736838452802,87.05204086940583,68.99694500768346,88.44873565366322,91.43335568461693,75.68647637633607,90.03675516470088,69.48765220031987,66.8601477235862
606,66.28704064903495,126.480509875623,122.83950561511003,108.90072979391292,117.71760506695395,90.6304486887936,70.80736838452802,87.05204086940583,68.99694500768346,88.44873565366322,91.43335568461693,75.68647637633607,90.03675516470088,69.48765220031987,66.8601477235862
607,66.28704064903495,126.480509875623,122.83950561511003,108.90072979391292,117.71760506695395,90.6304486887936,70.80736838452802,87.05204086940583,68.99694500768346,88.44873565366322,91.43335568461693,75.68647637633607,90.03675516470088,69.48765220031987,66.8601477235862
612,66.28704064903495,126.480509875623,122.83950561511003,108.90072979391292,117.71760506695395,90.6304486887936,70.80736838452802,87.05204086940583,68.99694500768346,88.44873565366322,91.43335568461693,75.68647637633607,90.03675516470088,69.48765220031987,66.8601477235862
631,66.28704064903495,126.480509875623,122.83950561511003,108.90072979391292,117.71760506695395,90.6304486887936,70.80736838452802,87.05204086940583,68.99694500768346,88.44873565366322,91.43335568461693,75.68647637633607,90.03675516470088,69.48765220031987,66.8601477235862
645,66.28704064903495,126.480509875623,122.83950561511003,108.90072979391292,117.71760506695395,90.6304486887936,70.80736838452802,87.05204086940583,68.99694500768346,88.44873565366322,91.43335568461693,75.68647637633607,90.03675516470088,69.48765220031987,66.8601477235862
648,66.28704064903495,126.480509875623,122.83950561511003,108.90072979391292,117.71760506695395,90.6304486887936,70.80736838452802,87.05204086940583,68.99694500768346,88.44873565366322,91.43335568461693,75.68647637633607,90.03675516470088,69.48765220031987,66.8601477235862
653,66.28704064903495,126.480509875623,122.83950561511003,108.90072979391292,117.71760506695395,90.6304486887936,70.80736838452802,87.05204086940583,68.99694500768346,88.44873565366322,91.43335568461693,75.68647637633607,90.03675516470088,69.48765220031987,66.8601477235862
659,66.28704064903495,126.480509875623,122.83950561511003,108.90072979391292,117.71760506695395,90.6304486887936,70.80736838452802,87.05204086940583,68.99694500768346,88.44873565366322,91.43335568461693,75.68647637633607,90.03675516470088,69.48765220031987,66.8601477235862
661,66.28704064903495,126.480509875623,122.83950561511003,108.90072979391292,117.71760506695395,90.6304486887936,70.80736838452802,87.05204086940583,68.99694500768346,88.44873565366322,91.43335568461693,75.68647637633607,90.03675516470088,69.48765220031987,66.8601477235862
666,66.28704064903495,126.480509875623,122.83950561511003,108.90072979391292,117.71760506695395,90.6304486887936,70.80736838452802,87.05204086940583,68.99694500768346,88.44873565366322,91.43335568461693,75.68647637633607,90.03675516470088,69.48765220031987,66.8601477235862
670,66.28704064903495,126.480509875623,122.83950561511003,108.90072979391292,117.71760506695395,90.6304486887936,70.80736838452802,87.05204086940583,68.99694500768346,88.44873565366322,91.43335568461693,75.68647637633607,90.03675516470088,69.48765220031987,66.8601477235862
673,66.28704064903495,126.480509875623,122.83950561511003,108.90072979391292,117.71760506695395,90.6304486887936,70.80736838452802,87.05204086940583,68.99694500768346,88.44873565366322,91.43335568461693,75.68647637633607,90.03675516470088,69.48765220031987,66.8601477235862
674,66.28704064903495,126.480509875623,122.83950561511003,108.90072979391292,117.71760506695395,90.6304486887936,70.80736838452802,87.05204086940583,68.99694500768346,88.44873565366322,91.43335568461693,75.68647637633607,90.03675516470088,69.48765220031987,66.8601477235862
676,66.28704064903495,126.480509875623,122.83950561511003,108.90072979391292,117.71760506695395,90.6304486887936,70.80736838452802,87.05204086940583,68.99694500768346,88.44873565366322,91.43335568461693,75.68647637633607,90.03675516470088,69.48765220031987,66.8601477235862
677,66.28704064903495,126.480509875623,122.83950561511003,108.90072979391292,117.71760506695395,90.6304486887936,70.80736838452802,87.05204086940583,68.99694500768346,88.44873565366322,91.43335568461693,75.68647637633607,90.03675516470088,69.48765220031987,66.8601477235862
679,66.28704064903495,126.480509875623,122.83950561511003,108.90072979391292,117.71760506695395,90.6304486887936,70.80736838452802,87.05204086940583,68.99694500768346,88.44873565366322,91.43335568461693,75.68647637633607,90.03675516470088,69.48765220031987,66.8601477235862
684,66.28704064903495,126.480509875623,122.83950561511003,108.90072979391292,117.71760506695395,90.6304486887936,70.80736838452802,87.05204086940583,68.99694500768346,88.44873565366322,91.43335568461693,75.68647637633607,90.03675516470088,69.48765220031987,66.8601477235862
686,66.28704064903495,126.480509875623,122.83950561511003,108.90072979391292,117.71760506695395,90.6304486887936,70.80736838452802,87.05204086940583,68.99694500768346,88.44873565366322,91.43335568461693,75.68647637633607,90.03675516470088,69.48765220031987,66.8601477235862
696,66.28704064903495,126.480509875623,122.83950561511003,108.90072979391292,117.71760506695395,90.6304486887936,70.80736838452802,87.05204086940583,68.99694500768346,88.44873565366322,91.43335568461693,75.68647637633607,90.03675516470088,69.48765220031987,66.8601477235862
705,66.28704064903495,126.480509875623,122.83950561511003,108.90072979391292,117.71760506695395,90.6304486887936,70.80736838452802,87.05204086940583,68.99694500768346,88.44873565366322,91.43335568461693,75.68647637633607,90.03675516470088,69.48765220031987,66.8601477235862
712,66.28704064903495,126.480509875623,122.83950561511003,108.90072979391292,117.71760506695395,90.6304486887936,70.80736838452802,87.05204086940583,68.99694500768346,88.44873565366322,91.43335568461693,75.68647637633607,90.03675516470088,69.48765220031987,66.8601477235862
721,66.28704064903495,126.480509875623,122.83950561511003,108.90072979391292,117.71760506695395,90.6304486887936,70.80736838452802,87.05204086940583,68.99694500768346,88.44873565366322,91.43335568461693,75.68647637633607,90.03675516470088,69.48765220031987,66.8601477235862
722,66.28704064903495,126.480509875623,122.83950561511003,108.90072979391292,117.71760506695395,90.6304486887936,70.80736838452802,87.05204086940583,68.99694500768346,88.44873565366322,91.43335568461693,75.68647637633607,90.03675516470088,69.48765220031987,66.8601477235862
728,66.28704064903495,126.480509875623,122.83950561511003,108.90072979391292,117.71760506695395,90.6304486887936,70.80736838452802,87.05204086940583,68.99694500768346,88.44873565366322,91.43335568461693,75.68647637633607,90.03675516470088,69.48765220031987,66.8601477235862
730,66.28704064903495,126.480509875623,122.83950561511003,108.90072979391292,117.71760506695395,90.6304486887936,70.80736838452802,87.05204086940583,68.99694500768346,88.44873565366322,91.43335568461693,75.68647637633607,90.03675516470088,69.48765220031987,66.8601477235862
735,66.28704064903495,126.480509875623,122.83950561511003,108.90072979391292,117.71760506695395,90.6304486887936,70.80736838452802,87.05204086940583,68.99694500768346,88.44873565366322,91.43335568461693,75.68647637633607,90.03675516470088,69.48765220031987,66.8601477235862
754,66.28704064903495,126.480509875623,122.83950561511003,108.90072979391292,117.71760506695395,90.6304486887936,70.80736838452802,87.05204086940583,68.99694500768346,88.44873565366322,91.43335568461693,75.68647637633607,90.03675516470088,69.48765220031987,66.8601477235862
765,66.28704064903495,126.480509875623,122.83950561511003,108.90072979391292,117.71760506695395,90.6304486887936,70.80736838452802,87.05204086940583,68.99694500768346,88.44873565366322,91.43335568461693,75.68647637633607,90.03675516470088,69.48765220031987,66.8601477235862
771,66.28704064903495,126.480509875623,122.83950561511003,108.90072979391292,117.71760506695395,90.6304486887936,70.80736838452802,87.05204086940583,68.99694500768346,88.44873565366322,91.43335568461693,75.68647637633607,90.03675516470088,69.48765220031987,66.8601477235862
778,66.28704064903495,126.480509875623,122.83950561511003,108.90072979391292,117.71760506695395,90.6304486887936,70.80736838452802,87.05204086940583,68.99694500768346,88.44873565366322,91.43335568461693,75.68647637633607,90.03675516470088,69.48765220031987,66.8601477235862
782,66.28704064903495,126.480509875623,122.83950561511003,108.90072979391292,117.71760506695395,90.6304486887936,70.80736838452802,87.05204086940583,68.99694500768346,88.44873565366322,91.43335568461693,75.68647637633607,90.03675516470088,69.48765220031987,66.8601477235862
783,66.28704064903495,126.480509875623,122.83950561511003,108.90072979391292,117.71760506695395,90.6304486887936,70.80736838452802,87.05204086940583,68.99694500768346,88.44873565366322,91.43335568461693,75.68647637633607,90.03675516470088,69.48765220031987,66.8601477235862
785,66.28704064903495,126.480509875623,122.83950561511003,108.90072979391292,117.71760506695395,90.6304486887936,70.80736838452802,87.05204086940583,68.99694500768346,88.44873565366322,91.43335568461693,75.68647637633607,90.03675516470088,69.48765220031987,66.8601477235862
786,66.28704064903495,126.480509875623,122.83950561511003,108.90072979391292,117.71760506695395,90.6304486887936,70.80736838452802,87.05204086940583,68.99694500768346,88.44873565366322,91.43335568461693,75.68647637633607,90.03675516470088,69.48765220031987,66.8601477235862
789,66.28704064903495,126.480509875623,122.83950561511003,108.90072979391292,117.71760506695395,90.6304486887936,70.80736838452802,87.05204086940583,68.99694500768346,88.44873565366322,91.43335568461693,75.68647637633607,90.03675516470088,69.48765220031987,66.8601477235862
791,66.28704064903495,126.480509875623,122.83950561511003,108.90072979391292,117.71760506695395,90.6304486887936,70.80736838452802,87.05204086940583,68.99694500768346,88.44873565366322,91.43335568461693,75.68647637633607,90.03675516470088,69.48765220031987,66.8601477235862
802,66.28704064903495,126.480509875623,122.83950561511003,108.90072979391292,117.71760506695395,90.6304486887936,70.80736838452802,87.05204086940583,68.99694500768346,88.44873565366322,91.43335568461693,75.68647637633607,90.03675516470088,69.48765220031987,66.8601477235862
815,66.28704064903495,126.480509875623,122.83950561511003,108.90072979391292,117.71760506695395,90.6304486887936,70.80736838452802,87.05204086940583,68.99694500768346,88.44873565366322,91.43335568461693,75.68647637633607,90.03675516470088,69.48765220031987,66.8601477235862
824,66.28704064903495,126.480509875623,122.83950561511003,108.90072979391292,117.71760506695395,90.6304486887936,70.80736838452802,87.05204086940583,68.99694500768346,88.44873565366322,91.43335568461693,75.68647637633607,90.03675516470088,69.48765220031987,66.8601477235862
827,66.28704064903495,126.480509875623,122.83950561511003,108.90072979391292,117.71760506695395,90.6304486887936,70.80736838452802,87.05204086940583,68.99694500768346,88.44873565366322,91.43335568461693,75.68647637633607,90.03675516470088,69.48765220031987,66.8601477235862
832,66.28704064903495,126.480509875623,122.83950561511003,108.90072979391292,117.71760506695395,90.6304486887936,70.80736838452802,87.05204086940583,68.99694500768346,88.44873565366322,91.43335568461693,75.68647637633607,90.03675516470088,69.48765220031987,66.8601477235862
838,66.28704064903495,126.480509875623,122.83950561511003,108.90072979391292,117.71760506695395,90.6304486887936,70.80736838452802,87.05204086940583,68.99694500768346,88.44873565366322,91.43335568461693,75.68647637633607,90.03675516470088,69.48765220031987,66.8601477235862
839,66.28704064903495,126.480509875623,122.83950561511003,108.90072979391292,117.71760506695395,90.6304486887936,70.80736838452802,87.05204086940583,68.99694500768346,88.44873565366322,91.43335568461693,75.68647637633607,90.03675516470088,69.48765220031987,66.8601477235862
840,66.28704064903495,126.480509875623,122.83950561511003,108.90072979391292,117.71760506695395,90.6304486887936,70.80736838452802,87.05204086940583,68.99694500768346,88.44873565366322,91.43335568461693,75.68647637633607,90.03675516470088,69.48765220031987,66.8601477235862
861,66.28704064903495,126.480509875623,122.83950561511003,108.90072979391292,117.71760506695395,90.6304486887936,70.80736838452802,87.05204086940583,68.99694500768346,88.44873565366322,91.43335568461693,75.68647637633607,90.03675516470088,69.48765220031987,66.8601477235862
869,66.28704064903495,126.480509875623,122.83950561511003,108.90072979391292,117.71760506695395,90.6304486887936,70.80736838452802,87.05204086940583,68.99694500768346,88.44873565366322,91.43335568461693,75.68647637633607,90.03675516470088,69.48765220031987,66.8601477235862
880,66.28704064903495,126.480509875623,122.83950561511003,108.90072979391292,117.71760506695395,90.6304486887936,70.80736838452802,87.05204086940583,68.99694500768346,88.44873565366322,91.43335568461693,75.68647637633607,90.03675516470088,69.48765220031987,66.8601477235862
886,66.28704064903495,126.480509875623,122.83950561511003,108.90072979391292,117.71760506695395,90.6304486887936,70.80736838452802,87.05204086940583,68.99694500768346,88.44873565366322,91.43335568461693,75.68647637633607,90.03675516470088,69.48765220031987,66.8601477235862
891,66.28704064903495,126.480509875623,122.83950561511003,108.90072979391292,117.71760506695395,90.6304486887936,70.80736838452802,87.05204086940583,68.99694500768346,88.44873565366322,91.43335568461693,75.68647637633607,90.03675516470088,69.48765220031987,66.8601477235862
895,66.28704064903495,126.480509875623,122.83950561511003,108.90072979391292,117.71760506695395,90.6304486887936,70.80736838452802,87.05204086940583,68.99694500768346,88.44873565366322,91.43335568461693,75.68647637633607,90.03675516470088,69.48765220031987,66.8601477235862
898,66.28704064903495,126.480509875623,122.83950561511003,108.90072979391292,117.71760506695395,90.6304486887936,70.80736838452802,87.05204086940583,68.99694500768346,88.44873565366322,91.43335568461693,75.68647637633607,90.03675516470088,69.48765220031987,66.8601477235862
905,66.28704064903495,126.480509875623,122.83950561511003,108.90072979391292,117.71760506695395,90.6304486887936,70.80736838452802,87.05204086940583,68.99694500768346,88.44873565366322,91.43335568461693,75.68647637633607,90.03675516470088,69.48765220031987,66.8601477235862
908,66.28704064903495,126.480509875623,122.83950561511003,108.90072979391292,117.71760506695395,90.6304486887936,70.80736838452802,87.05204086940583,68.99694500768346,88.44873565366322,91.43335568461693,75.68647637633607,90.03675516470088,69.48765220031987,66.8601477235862
914,66.28704064903495,126.480509875623,122.83950561511003,108.90072979391292,117.71760506695395,90.6304486887936,70.80736838452802,87.05204086940583,68.99694500768346,88.44873565366322,91.43335568461693,75.68647637633607,90.03675516470088,69.48765220031987,66.8601477235862
917,66.28704064903495,126.480509875623,122.83950561511003,108.90072979391292,117.71760506695395,90.6304486887936,70.80736838452802,87.05204086940583,68.99694500768346,88.44873565366322,91.43335568461693,75.68647637633607,90.03675516470088,69.48765220031987,66.8601477235862
923,66.28704064903495,126.480509875623,122.83950561511003,108.90072979391292,117.71760506695395,90.6304486887936,70.80736838452802,87.05204086940583,68.99694500768346,88.44873565366322,91.43335568461693,75.68647637633607,90.03675516470088,69.48765220031987,66.8601477235862
926,66.28704064903495,126.480509875623,122.83950561511003,108.90072979391292,117.71760506695395,90.6304486887936,70.80736838452802,87.05204086940583,68.99694500768346,88.44873565366322,91.43335568461693,75.68647637633607,90.03675516470088,69.48765220031987,66.8601477235862
927,66.28704064903495,126.480509875623,122.83950561511003,108.90072979391292,117.71760506695395,90.6304486887936,70.80736838452802,87.05204086940583,68.99694500768346,88.44873565366322,91.43335568461693,75.68647637633607,90.03675516470088,69.48765220031987,66.8601477235862
930,66.28704064903495,126.480509875623,122.83950561511003,108.90072979391292,117.71760506695395,90.6304486887936,70.80736838452802,87.05204086940583,68.99694500768346,88.44873565366322,91.43335568461693,75.68647637633607,90.03675516470088,69.48765220031987,66.8601477235862
934,66.28704064903495,126.480509875623,122.83950561511003,108.90072979391292,117.71760506695395,90.6304486887936,70.80736838452802,87.05204086940583,68.99694500768346,88.44873565366322,91.43335568461693,75.68647637633607,90.03675516470088,69.48765220031987,66.8601477235862
936,66.28704064903495,126.480509875623,122.83950561511003,108.90072979391292,117.71760506695395,90.6304486887936,70.80736838452802,87.05204086940583,68.99694500768346,88.44873565366322,91.43335568461693,75.68647637633607,90.03675516470088,69.48765220031987,66.8601477235862
937,66.28704064903495,126.480509875623,122.83950561511003,108.90072979391292,117.71760506695395,90.6304486887936,70.80736838452802,87.05204086940583,68.99694500768346,88.44873565366322,91.43335568461693,75.68647637633607,90.03675516470088,69.48765220031987,66.8601477235862
938,66.28704064903495,126.480509875623,122.83950561511003,108.90072979391292,117.71760506695395,90.6304486887936,70.80736838452802,87.05204086940583,68.99694500768346,88.44873565366322,91.43335568461693,75.68647637633607,90.03675516470088,69.48765220031987,66.8601477235862
940,66.28704064903495,126.480509875623,122.83950561511003,108.90072979391292,117.71760506695395,90.6304486887936,70.80736838452802,87.05204086940583,68.99694500768346,88.44873565366322,91.43335568461693,75.68647637633607,90.03675516470088,69.48765220031987,66.8601477235862
941,66.28704064903495,126.480509875623,122.83950561511003,108.90072979391292,117.71760506695395,90.6304486887936,70.80736838452802,87.05204086940583,68.99694500768346,88.44873565366322,91.43335568461693,75.68647637633607,90.03675516470088,69.48765220031987,66.8601477235862
