,rating,movie_id,cluster
0,1416.0,1,10
1,355.0,2,76
2,235.0,3,93
3,631.0,4,42
4,224.0,5,53
5,78.0,6,29
6,1232.0,7,96
7,712.0,8,66
8,927.0,9,57
9,272.0,10,81
10,772.0,11,44
11,967.0,12,17
12,532.0,13,74
13,608.0,14,88
14,896.0,15,57
15,85.0,16,50
16,238.0,17,40
17,25.0,18,31
18,199.0,19,92
19,190.0,20,15
20,187.0,21,14
21,1024.0,22,17
22,635.0,23,42
23,495.0,24,32
24,857.0,25,57
25,215.0,26,54
26,140.0,27,19
27,904.0,28,57
28,262.0,29,3
29,110.0,30,69
30,430.0,31,23
31,257.0,32,26
32,277.0,33,67
33,19.0,34,73
34,11.0,35,41
35,24.0,36,31
36,12.0,37,41
37,281.0,38,67
38,246.0,39,79
39,139.0,40,19
40,84.0,41,50
41,487.0,42,64
42,98.0,43,65
43,213.0,44,6
44,262.0,45,3
45,81.0,46,29
46,413.0,47,1
47,404.0,48,36
48,236.0,49,93
49,2099.0,50,39
50,249.0,51,4
51,258.0,52,26
52,313.0,53,94
53,264.0,54,3
54,472.0,55,90
55,1344.0,56,10
56,122.0,57,34
57,535.0,58,74
58,274.0,59,81
59,195.0,60,55
60,175.0,61,87
61,329.0,62,37
62,195.0,63,55
63,1061.0,64,96
64,357.0,65,76
65,474.0,66,90
66,249.0,67,4
67,383.0,68,51
68,1018.0,69,17
69,749.0,70,44
70,665.0,71,9
71,325.0,72,70
72,386.0,73,51
73,19.0,74,73
74,8.0,75,0
75,165.0,76,97
76,404.0,77,36
77,59.0,78,8
78,1139.0,79,96
79,155.0,80,62
80,339.0,81,16
81,798.0,82,44
82,609.0,83,88
83,31.0,84,31
84,143.0,85,68
85,490.0,86,32
86,462.0,87,46
87,636.0,88,42
88,967.0,89,17
89,232.0,90,38
90,419.0,91,1
91,328.0,92,37
92,345.0,93,21
93,338.0,94,16
94,665.0,95,9
95,994.0,96,17
96,807.0,97,44
97,1381.0,98,10
98,532.0,99,74
99,1741.0,100,39
100,198.0,101,92
101,137.0,102,19
102,20.0,103,73
103,4.0,104,24
104,140.0,105,19
105,149.0,106,63
106,129.0,107,75
107,179.0,108,95
108,371.0,109,13
109,70.0,110,71
110,750.0,111,44
111,27.0,112,31
112,29.0,113,31
113,244.0,114,79
114,45.0,115,98
115,385.0,116,51
116,1122.0,117,96
117,747.0,118,66
118,10.0,119,0
119,117.0,120,80
120,1192.0,121,96
121,195.0,122,55
122,294.0,123,60
123,603.0,124,88
124,682.0,125,9
125,296.0,126,60
126,1495.0,127,39
127,191.0,128,15
128,404.0,129,36
129,46.0,130,43
130,320.0,131,58
131,851.0,132,57
132,558.0,133,89
133,723.0,134,66
134,879.0,135,57
135,358.0,136,76
136,533.0,137,74
137,37.0,138,18
138,116.0,139,91
139,139.0,140,19
140,203.0,141,11
141,153.0,142,5
142,714.0,143,66
143,819.0,144,44
144,137.0,145,19
145,22.0,146,73
146,509.0,147,84
147,338.0,148,16
148,60.0,149,8
149,527.0,150,74
150,965.0,151,17
151,266.0,152,85
152,783.0,153,44
153,544.0,154,61
154,248.0,155,4
155,484.0,156,64
156,397.0,157,22
157,127.0,158,75
158,266.0,159,85
159,215.0,160,54
160,651.0,161,45
161,306.0,162,86
162,283.0,163,20
163,464.0,164,46
164,216.0,165,59
165,194.0,166,55
166,178.0,167,95
167,1057.0,168,17
168,442.0,169,52
169,395.0,170,22
170,194.0,171,55
171,1286.0,172,10
172,1124.0,173,96
173,1487.0,174,39
174,669.0,175,9
175,933.0,176,17
176,449.0,177,52
177,446.0,178,52
178,707.0,179,66
179,777.0,180,44
180,1696.0,181,39
181,774.0,182,44
182,983.0,183,17
183,347.0,184,7
184,867.0,185,57
185,807.0,186,44
186,772.0,187,44
187,547.0,188,61
188,232.0,189,38
189,418.0,190,1
190,946.0,191,17
191,408.0,192,36
192,526.0,193,74
193,824.0,194,44
194,981.0,195,17
195,807.0,196,44
196,828.0,197,44
197,429.0,198,23
198,599.0,199,88
199,671.0,200,9
200,260.0,201,26
201,888.0,202,57
202,583.0,203,27
203,1109.0,204,96
204,461.0,205,46
205,134.0,206,99
206,210.0,207,6
207,670.0,208,9
208,647.0,209,45
209,1072.0,210,96
210,700.0,211,66
211,257.0,212,26
212,447.0,213,52
213,317.0,214,77
214,648.0,215,45
215,951.0,216,17
216,323.0,217,58
217,493.0,218,32
218,292.0,219,28
219,186.0,220,14
220,233.0,221,38
221,1109.0,222,96
222,456.0,223,46
223,133.0,224,99
224,232.0,225,38
225,468.0,226,90
226,457.0,227,46
227,777.0,228,44
228,456.0,229,46
229,591.0,230,27
230,314.0,231,94
231,278.0,232,67
232,357.0,233,76
233,868.0,234,57
234,505.0,235,84
235,123.0,236,34
236,1181.0,237,96
237,858.0,238,57
238,459.0,239,46
239,371.0,240,13
240,385.0,241,51
241,380.0,242,33
242,234.0,243,93
243,109.0,244,69
244,603.0,245,88
245,386.0,246,51
246,4.0,247,24
247,455.0,248,46
248,353.0,249,76
249,571.0,250,89
250,166.0,251,82
251,366.0,252,48
252,81.0,253,29
253,125.0,254,34
254,492.0,255,32
255,39.0,256,98
256,944.0,257,17
257,1522.0,258,39
258,345.0,259,21
259,260.0,260,26
260,69.0,261,71
261,202.0,262,11
262,32.0,263,18
263,217.0,264,59
264,744.0,265,66
265,81.0,266,29
266,19.0,267,73
267,796.0,268,44
268,1005.0,269,17
269,375.0,270,13
270,548.0,271,61
271,645.0,272,45
272,632.0,273,42
273,541.0,274,12
274,882.0,275,57
275,899.0,276,57
276,215.0,277,54
277,167.0,278,82
278,78.0,279,29
279,220.0,280,83
280,361.0,281,48
281,694.0,282,66
282,531.0,283,74
283,483.0,284,64
284,561.0,285,89
285,1408.0,286,10
286,233.0,287,38
287,1309.0,288,10
288,588.0,289,27
289,224.0,290,53
290,325.0,291,70
291,317.0,292,77
292,470.0,293,90
293,1198.0,294,96
294,183.0,295,30
295,20.0,296,73
296,166.0,297,82
297,592.0,298,27
298,168.0,299,82
299,1247.0,300,96
300,600.0,301,88
301,999.0,302,17
302,390.0,303,22
303,392.0,304,22
304,273.0,305,81
305,287.0,306,20
306,518.0,307,2
307,63.0,308,71
308,68.0,309,71
309,406.0,310,36
310,220.0,311,83
311,202.0,312,11
312,1190.0,313,96
313,4.0,314,24
314,515.0,315,2
315,339.0,316,16
316,339.0,317,16
317,1074.0,318,96
318,458.0,319,46
319,64.0,320,71
320,425.0,321,78
321,515.0,322,2
322,525.0,323,74
323,306.0,324,86
324,254.0,325,25
325,452.0,326,52
326,489.0,327,32
327,777.0,328,44
328,98.0,329,65
329,86.0,330,50
330,311.0,331,94
331,393.0,332,22
332,712.0,333,66
333,155.0,334,62
334,54.0,335,8
335,93.0,336,56
336,47.0,337,43
337,186.0,338,14
338,126.0,339,75
339,522.0,340,2
340,25.0,341,31
341,121.0,342,80
342,315.0,343,77
343,167.0,344,82
344,191.0,345,15
345,378.0,346,33
346,371.0,347,13
347,72.0,348,71
348,58.0,349,8
349,91.0,350,56
350,46.0,351,43
351,51.0,352,43
352,24.0,353,31
353,194.0,354,55
354,81.0,355,29
355,242.0,356,35
356,963.0,357,17
357,299.0,358,49
358,46.0,359,43
359,26.0,360,31
360,17.0,361,73
361,55.0,362,8
362,97.0,363,65
363,80.0,364,29
364,123.0,365,34
365,128.0,366,75
366,481.0,367,64
367,53.0,368,43
368,115.0,369,91
369,83.0,370,50
370,164.0,371,97
371,85.0,372,50
372,93.0,373,56
373,14.0,374,41
374,36.0,375,18
375,57.0,376,8
376,27.0,377,31
377,317.0,378,77
378,100.0,379,65
379,323.0,380,58
380,287.0,381,20
381,339.0,382,16
382,45.0,383,98
383,163.0,384,97
384,599.0,385,88
385,214.0,386,54
386,193.0,387,55
387,47.0,388,43
388,70.0,389,71
389,29.0,390,31
390,137.0,391,19
391,182.0,392,30
392,540.0,393,12
393,37.0,394,18
394,114.0,395,91
395,138.0,396,19
396,25.0,397,31
397,47.0,398,43
398,254.0,399,25
399,38.0,400,18
400,179.0,401,95
401,492.0,402,32
402,586.0,403,27
403,291.0,404,28
404,924.0,405,57
405,94.0,406,56
406,84.0,407,50
407,414.0,408,1
408,156.0,409,62
409,416.0,410,1
410,368.0,411,13
411,178.0,412,95
412,120.0,413,80
413,185.0,414,14
414,55.0,415,8
415,174.0,416,87
416,194.0,417,55
417,382.0,418,33
418,562.0,419,89
419,236.0,420,93
420,322.0,421,58
421,63.0,422,71
422,954.0,423,17
423,21.0,424,73
424,268.0,425,85
425,71.0,426,71
426,791.0,427,44
427,394.0,428,22
428,326.0,429,70
429,327.0,430,70
430,458.0,431,46
431,563.0,432,89
432,550.0,433,61
433,212.0,434,6
434,709.0,435,66
435,312.0,436,94
436,4.0,437,24
437,6.0,438,0
438,4.0,439,24
439,17.0,440,73
440,117.0,441,80
441,4.0,442,24
442,514.0,443,2
443,92.0,444,56
444,69.0,445,71
445,16.0,446,41
446,362.0,447,48
447,233.0,448,38
448,299.0,449,49
449,135.0,450,99
450,490.0,451,32
451,135.0,452,99
452,24.0,453,31
453,33.0,454,18
454,372.0,455,13
455,79.0,456,29
456,34.0,457,18
457,253.0,458,25
458,66.0,459,71
459,67.0,460,71
460,229.0,461,38
461,434.0,462,23
462,214.0,463,54
463,80.0,464,29
464,241.0,465,35
465,151.0,466,5
466,164.0,467,97
467,184.0,468,30
468,215.0,469,54
469,326.0,470,70
470,651.0,471,45
471,399.0,472,22
472,306.0,473,86
473,709.0,474,66
474,770.0,475,44
475,420.0,476,1
476,240.0,477,35
477,369.0,478,13
478,615.0,479,88
479,631.0,480,42
480,220.0,481,83
481,429.0,482,23
482,931.0,483,17
483,502.0,484,84
484,417.0,485,1
485,199.0,486,92
486,236.0,487,93
487,239.0,488,40
488,180.0,489,95
489,166.0,490,82
490,212.0,491,6
491,213.0,492,6
492,212.0,493,6
493,182.0,494,30
494,187.0,495,14
495,766.0,496,44
496,225.0,497,53
497,537.0,498,12
498,205.0,499,11
499,88.0,500,50
500,343.0,501,21
501,199.0,502,92
502,125.0,503,34
503,416.0,504,1
504,229.0,505,38
505,305.0,506,86
506,347.0,507,7
507,640.0,508,42
508,391.0,509,22
509,417.0,510,1
510,619.0,511,88
511,182.0,512,30
512,266.0,513,85
513,606.0,514,88
514,706.0,515,66
515,195.0,516,55
516,300.0,517,49
517,285.0,518,20
518,292.0,519,28
519,427.0,520,78
520,387.0,521,51
521,107.0,522,69
522,546.0,523,61
523,158.0,524,47
524,263.0,525,3
525,413.0,526,1
526,649.0,527,45
527,430.0,528,23
528,295.0,529,60
529,267.0,530,85
530,401.0,531,36
531,48.0,532,43
532,47.0,533,43
533,32.0,534,18
534,138.0,535,19
535,27.0,536,31
536,88.0,537,50
537,180.0,538,95
538,69.0,539,71
539,92.0,540,56
540,120.0,541,80
541,96.0,542,65
542,53.0,543,43
543,180.0,544,95
544,17.0,545,73
545,617.0,546,88
546,113.0,547,91
547,20.0,548,73
548,275.0,549,81
549,425.0,550,78
550,45.0,551,98
551,100.0,552,65
552,167.0,553,82
553,248.0,554,4
554,13.0,555,41
555,29.0,556,31
556,41.0,557,98
557,215.0,558,54
558,364.0,559,48
559,40.0,560,98
560,151.0,561,5
561,121.0,562,80
562,51.0,563,43
563,33.0,564,18
564,48.0,565,43
565,531.0,566,74
566,79.0,567,29
567,689.0,568,9
568,147.0,569,63
569,135.0,570,99
570,50.0,571,43
571,69.0,572,71
572,83.0,573,50
573,29.0,574,31
574,89.0,575,56
575,238.0,576,40
576,80.0,577,29
577,234.0,578,93
578,41.0,579,98
579,81.0,580,29
580,147.0,581,63
581,489.0,582,32
582,96.0,583,65
583,223.0,584,53
584,85.0,585,50
585,81.0,586,29
586,40.0,587,98
587,624.0,588,42
588,140.0,589,19
589,29.0,590,31
590,519.0,591,2
591,18.0,592,73
592,26.0,593,31
593,12.0,594,41
594,155.0,595,62
595,347.0,596,7
596,538.0,597,12
597,9.0,598,0
598,1.0,599,24
599,6.0,600,0
600,77.0,601,29
601,158.0,602,47
602,775.0,603,44
603,263.0,604,3
604,101.0,605,65
605,241.0,606,35
606,224.0,607,53
607,111.0,608,91
608,186.0,609,14
609,133.0,610,99
610,122.0,611,34
611,121.0,612,80
612,98.0,613,65
613,158.0,614,47
614,205.0,615,11
615,195.0,616,55
616,56.0,617,8
617,51.0,618,43
618,154.0,619,62
619,115.0,620,91
620,24.0,621,31
621,97.0,622,65
622,92.0,623,56
623,63.0,624,71
624,212.0,625,6
625,8.0,626,0
626,200.0,627,92
627,505.0,628,84
628,231.0,629,38
629,82.0,630,50
630,364.0,631,48
631,197.0,632,92
632,236.0,633,93
633,83.0,634,50
634,56.0,635,8
635,259.0,636,26
636,103.0,637,65
637,136.0,638,99
638,113.0,639,91
639,213.0,640,6
640,114.0,641,91
641,259.0,642,26
642,11.0,643,41
643,120.0,644,80
644,89.0,645,56
645,129.0,646,75
646,258.0,647,26
647,227.0,648,53
648,149.0,649,63
649,210.0,650,6
650,584.0,651,27
651,277.0,652,67
652,122.0,653,34
653,510.0,654,84
654,735.0,655,66
655,157.0,656,47
656,474.0,657,90
657,231.0,658,38
658,403.0,659,36
659,475.0,660,90
660,304.0,661,86
661,217.0,662,59
662,359.0,663,76
663,133.0,664,99
664,238.0,665,40
665,11.0,666,41
666,18.0,667,73
667,12.0,668,41
668,16.0,669,41
669,93.0,670,56
670,147.0,671,63
671,144.0,672,68
672,249.0,673,4
673,124.0,674,34
674,171.0,675,72
675,200.0,676,92
676,3.0,677,24
677,480.0,678,64
678,271.0,679,81
679,67.0,680,71
680,37.0,681,18
681,245.0,682,79
682,102.0,683,65
683,546.0,684,61
684,413.0,685,1
685,156.0,686,62
686,126.0,687,75
687,68.0,688,71
688,207.0,689,11
689,400.0,690,36
690,35.0,691,18
691,511.0,692,84
692,272.0,693,81
693,134.0,694,99
694,31.0,695,31
695,211.0,696,6
696,119.0,697,80
697,19.0,698,73
698,307.0,699,86
699,28.0,700,31
700,36.0,701,18
701,124.0,702,34
702,58.0,703,8
703,65.0,704,71
704,457.0,705,46
705,6.0,706,0
706,217.0,707,59
707,288.0,708,20
708,354.0,709,76
709,219.0,710,83
710,0.0,711,24
711,135.0,712,99
712,203.0,713,11
713,37.0,714,18
714,251.0,715,4
715,154.0,716,62
716,169.0,717,72
717,38.0,718,18
718,62.0,719,8
719,220.0,720,83
720,158.0,721,47
721,141.0,722,68
722,89.0,723,56
723,232.0,724,38
724,40.0,725,98
725,28.0,726,31
726,183.0,727,30
727,120.0,728,80
728,227.0,729,53
729,61.0,730,8
730,95.0,731,56
731,542.0,732,12
732,42.0,733,98
733,56.0,734,8
734,425.0,735,78
735,267.0,736,85
736,156.0,737,62
737,67.0,738,71
738,440.0,739,52
739,172.0,740,72
740,170.0,741,72
741,781.0,742,44
742,64.0,743,71
743,240.0,744,35
744,57.0,745,8
745,373.0,746,13
746,284.0,747,20
747,775.0,748,44
748,125.0,749,34
749,377.0,750,33
750,497.0,751,32
751,104.0,752,69
752,54.0,753,8
753,146.0,754,63
754,238.0,755,40
755,300.0,756,49
756,10.0,757,0
757,30.0,758,31
758,23.0,759,73
759,89.0,760,56
760,109.0,761,69
761,320.0,762,58
762,407.0,763,36
763,65.0,764,71
764,69.0,765,71
765,28.0,766,31
766,22.0,767,73
767,104.0,768,69
768,90.0,769,56
769,159.0,770,47
770,99.0,771,65
771,112.0,772,91
772,35.0,773,18
773,73.0,774,71
774,59.0,775,8
775,23.0,776,73
776,2.0,777,24
777,226.0,778,53
778,65.0,779,71
779,173.0,780,72
780,239.0,781,40
781,22.0,782,73
782,87.0,783,50
783,1.0,784,24
784,92.0,785,56
785,30.0,786,31
786,36.0,787,18
787,4.0,788,24
788,148.0,789,63
789,164.0,790,97
790,19.0,791,73
791,275.0,792,81
792,34.0,793,18
793,125.0,794,34
794,40.0,795,98
795,84.0,796,50
796,88.0,797,50
797,14.0,798,41
798,16.0,799,41
799,61.0,800,8
800,36.0,801,18
801,84.0,802,50
802,20.0,803,73
803,20.0,804,73
804,82.0,805,50
805,154.0,806,62
806,16.0,807,41
807,73.0,808,71
808,112.0,809,91
809,119.0,810,80
810,67.0,811,71
811,42.0,812,98
812,194.0,813,55
813,5.0,814,0
814,298.0,815,49
815,35.0,816,18
816,4.0,817,24
817,62.0,818,8
818,82.0,819,50
819,190.0,820,15
820,58.0,821,8
821,12.0,822,41
822,198.0,823,92
823,107.0,824,69
824,201.0,825,92
825,164.0,826,97
826,129.0,827,75
827,24.0,828,31
828,75.0,829,29
829,1.0,830,24
830,178.0,831,95
831,43.0,832,98
832,115.0,833,91
833,41.0,834,98
834,51.0,835,43
835,80.0,836,29
836,90.0,837,56
837,6.0,838,0
838,6.0,839,0
839,108.0,840,69
840,103.0,841,65
841,69.0,842,71
842,77.0,843,29
843,118.0,844,80
844,514.0,845,2
845,120.0,846,80
846,159.0,847,47
847,29.0,848,31
848,126.0,849,75
849,9.0,850,0
850,14.0,851,41
851,1.0,852,24
852,49.0,853,43
853,47.0,854,43
854,193.0,855,55
855,119.0,856,80
856,3.0,857,24
857,2.0,858,24
858,29.0,859,31
859,30.0,860,31
860,6.0,861,0
861,32.0,862,18
862,72.0,863,71
863,217.0,864,59
864,69.0,865,71
865,321.0,866,58
866,20.0,867,73
867,19.0,868,73
868,65.0,869,71
869,17.0,870,73
870,142.0,871,68
871,118.0,872,80
872,185.0,873,14
873,99.0,874,65
874,123.0,875,34
875,110.0,876,69
876,119.0,877,80
877,60.0,878,8
878,355.0,879,76
879,137.0,880,19
880,104.0,881,69
881,99.0,882,65
882,30.0,883,31
883,23.0,884,73
884,24.0,885,31
885,123.0,886,34
886,190.0,887,15
887,37.0,888,18
888,36.0,889,18
889,69.0,890,71
890,9.0,891,0
891,95.0,892,56
892,28.0,893,31
893,30.0,894,31
894,266.0,895,85
895,131.0,896,75
896,3.0,897,24
897,154.0,898,62
898,23.0,899,73
899,130.0,900,75
900,17.0,901,73
901,124.0,902,34
902,37.0,903,18
903,52.0,904,43
904,73.0,905,71
905,49.0,906,43
906,4.0,907,24
907,45.0,908,98
908,43.0,909,98
909,6.0,910,0
910,10.0,911,0
911,23.0,912,73
912,5.0,913,0
913,23.0,914,73
914,38.0,915,18
915,43.0,916,98
916,20.0,917,73
917,17.0,918,73
918,310.0,919,94
919,7.0,920,0
920,148.0,921,63
921,110.0,922,69
922,193.0,923,55
923,239.0,924,40
924,89.0,925,56
925,213.0,926,6
926,15.0,927,41
927,245.0,928,79
928,85.0,929,50
929,164.0,930,97
930,100.0,931,65
931,88.0,932,50
932,36.0,933,18
933,162.0,934,97
934,20.0,935,73
935,106.0,936,69
936,88.0,937,50
937,51.0,938,43
938,171.0,939,72
939,58.0,940,8
940,116.0,941,91
941,128.0,942,75
942,122.0,943,34
943,107.0,944,69
944,127.0,945,75
945,146.0,946,63
946,51.0,947,43
947,95.0,948,56
948,204.0,949,11
949,72.0,950,71
950,84.0,951,50
951,127.0,952,75
952,59.0,953,8
953,31.0,954,31
954,135.0,955,99
955,146.0,956,63
956,3.0,957,24
957,39.0,958,98
958,187.0,959,14
959,64.0,960,71
960,102.0,961,65
961,63.0,962,71
962,169.0,963,72
963,16.0,964,41
964,66.0,965,71
965,83.0,966,50
966,28.0,967,31
967,67.0,968,71
968,236.0,969,93
969,17.0,970,73
970,86.0,971,50
971,62.0,972,8
972,10.0,973,0
973,81.0,974,29
974,100.0,975,65
975,20.0,976,73
976,100.0,977,65
977,57.0,978,8
978,95.0,979,56
979,64.0,980,71
980,12.0,981,41
981,48.0,982,43
982,24.0,983,31
983,100.0,984,65
984,43.0,985,98
985,47.0,986,43
986,9.0,987,0
987,152.0,988,5
988,65.0,989,71
989,60.0,990,8
990,45.0,991,98
991,12.0,992,41
992,203.0,993,11
993,12.0,994,41
994,79.0,995,29
995,26.0,996,31
996,28.0,997,31
997,38.0,998,18
998,19.0,999,73
999,27.0,1000,31
1000,30.0,1001,31
1001,14.0,1002,41
1002,16.0,1003,41
1003,23.0,1004,73
1004,50.0,1005,43
1005,58.0,1006,8
1006,165.0,1007,97
1007,110.0,1008,69
1008,176.0,1009,87
1009,115.0,1010,91
1010,246.0,1011,79
1011,286.0,1012,20
1012,61.0,1013,8
1013,245.0,1014,79
1014,25.0,1015,31
1015,374.0,1016,13
1016,114.0,1017,91
1017,83.0,1018,50
1018,94.0,1019,56
1019,94.0,1020,56
1020,132.0,1021,99
1021,102.0,1022,65
1022,69.0,1023,71
1023,42.0,1024,98
1024,104.0,1025,69
1025,10.0,1026,0
1026,4.0,1027,24
1027,355.0,1028,76
1028,21.0,1029,73
1029,36.0,1030,18
1030,6.0,1031,0
1031,41.0,1032,98
1032,59.0,1033,8
1033,55.0,1034,8
1034,164.0,1035,97
1035,55.0,1036,8
1036,28.0,1037,31
1037,39.0,1038,98
1038,302.0,1039,49
1039,56.0,1040,8
1040,172.0,1041,72
1041,72.0,1042,71
1042,16.0,1043,41
1043,114.0,1044,91
1044,68.0,1045,71
1045,114.0,1046,91
1046,307.0,1047,86
1047,170.0,1048,72
1048,49.0,1049,43
1049,126.0,1050,75
1050,113.0,1051,91
1051,47.0,1052,43
1052,69.0,1053,71
1053,39.0,1054,98
1054,27.0,1055,31
1055,21.0,1056,73
1056,35.0,1057,18
1057,38.0,1058,18
1058,80.0,1059,29
1059,74.0,1060,29
1060,76.0,1061,29
1061,24.0,1062,31
1062,128.0,1063,75
1063,13.0,1064,41
1064,142.0,1065,68
1065,42.0,1066,98
1066,135.0,1067,99
1067,31.0,1068,31
1068,48.0,1069,43
1069,92.0,1070,56
1070,41.0,1071,98
1071,16.0,1072,41
1072,196.0,1073,55
1073,183.0,1074,30
1074,21.0,1075,73
1075,23.0,1076,73
1076,20.0,1077,73
1077,51.0,1078,43
1078,86.0,1079,50
1079,4.0,1080,24
1080,22.0,1081,73
1081,19.0,1082,73
1082,11.0,1083,41
1083,57.0,1084,8
1084,33.0,1085,18
1085,54.0,1086,8
1086,14.0,1087,41
1087,27.0,1088,31
1088,63.0,1089,71
1089,75.0,1090,29
1090,98.0,1091,65
1091,24.0,1092,31
1092,54.0,1093,8
1093,25.0,1094,31
1094,54.0,1095,8
1095,5.0,1096,0
1096,51.0,1097,43
1097,121.0,1098,80
1098,35.0,1099,18
1099,13.0,1100,41
1100,219.0,1101,83
1101,16.0,1102,41
1102,65.0,1103,71
1103,4.0,1104,24
1104,27.0,1105,31
1105,8.0,1106,0
1106,52.0,1107,43
1107,11.0,1108,41
1108,69.0,1109,71
1109,100.0,1110,65
1110,19.0,1111,73
1111,35.0,1112,18
1112,64.0,1113,71
1113,28.0,1114,31
1114,73.0,1115,71
1115,32.0,1116,18
1116,47.0,1117,43
1117,129.0,1118,75
1118,177.0,1119,87
1119,41.0,1120,98
1120,70.0,1121,71
1121,5.0,1122,0
1122,8.0,1123,0
1123,42.0,1124,98
1124,13.0,1125,41
1125,92.0,1126,56
1126,20.0,1127,73
1127,26.0,1128,31
1128,90.0,1129,56
1129,4.0,1130,24
1130,43.0,1131,98
1131,70.0,1132,71
1132,68.0,1133,71
1133,113.0,1134,91
1134,110.0,1135,69
1135,68.0,1136,71
1136,97.0,1137,65
1137,13.0,1138,41
1138,65.0,1139,71
1139,37.0,1140,18
1140,25.0,1141,31
1141,144.0,1142,68
1142,42.0,1143,98
1143,6.0,1144,0
1144,24.0,1145,31
1145,4.0,1146,24
1146,63.0,1147,71
1147,29.0,1148,31
1148,78.0,1149,29
1149,16.0,1150,41
1150,10.0,1151,0
1151,82.0,1152,50
1152,60.0,1153,8
1153,29.0,1154,31
1154,10.0,1155,0
1155,3.0,1156,24
1156,56.0,1157,8
1157,16.0,1158,41
1158,30.0,1159,31
1159,77.0,1160,29
1160,35.0,1161,18
1161,7.0,1162,0
1162,53.0,1163,43
1163,12.0,1164,41
1164,21.0,1165,73
1165,30.0,1166,31
1166,33.0,1167,18
1167,57.0,1168,8
1168,33.0,1169,18
1169,78.0,1170,29
1170,44.0,1171,98
1171,39.0,1172,98
1172,15.0,1173,41
1173,26.0,1174,31
1174,15.0,1175,41
1175,57.0,1176,8
1176,12.0,1177,41
1177,32.0,1178,18
1178,16.0,1179,41
1179,21.0,1180,73
1180,24.0,1181,31
1181,29.0,1182,31
1182,34.0,1183,18
1183,19.0,1184,73
1184,35.0,1185,18
1185,6.0,1186,0
1186,34.0,1187,18
1187,99.0,1188,65
1188,10.0,1189,0
1189,37.0,1190,18
1190,8.0,1191,0
1191,35.0,1192,18
1192,24.0,1193,31
1193,98.0,1194,65
1194,19.0,1195,73
1195,3.0,1196,24
1196,123.0,1197,34
1197,11.0,1198,41
1198,50.0,1199,43
1199,15.0,1200,41
1200,0.0,1201,24
1201,23.0,1202,73
1202,72.0,1203,71
1203,48.0,1204,43
1204,14.0,1205,41
1205,45.0,1206,98
1206,34.0,1207,18
1207,45.0,1208,98
1208,28.0,1209,31
1209,87.0,1210,50
1210,41.0,1211,98
1211,17.0,1212,73
1212,7.0,1213,0
1213,17.0,1214,73
1214,50.0,1215,43
1215,15.0,1216,41
1216,73.0,1217,71
1217,79.0,1218,29
1218,42.0,1219,98
1219,79.0,1220,29
1220,118.0,1221,80
1221,51.0,1222,43
1222,14.0,1223,41
1223,29.0,1224,31
1224,34.0,1225,18
1225,86.0,1226,50
1226,16.0,1227,41
1227,92.0,1228,56
1228,20.0,1229,73
1229,30.0,1230,31
1230,45.0,1231,98
1231,32.0,1232,18
1232,20.0,1233,73
1233,16.0,1234,41
1234,4.0,1235,24
1235,3.0,1236,24
1236,17.0,1237,73
1237,25.0,1238,31
1238,35.0,1239,18
1239,79.0,1240,29
1240,15.0,1241,41
1241,13.0,1242,41
1242,17.0,1243,73
1243,80.0,1244,29
1244,52.0,1245,43
1245,4.0,1246,24
1246,10.0,1247,0
1247,46.0,1248,43
1248,25.0,1249,31
1249,8.0,1250,0
1250,29.0,1251,31
1251,27.0,1252,31
1252,9.0,1253,0
1253,18.0,1254,73
1254,14.0,1255,41
1255,6.0,1256,0
1256,7.0,1257,0
1257,49.0,1258,43
1258,8.0,1259,0
1259,10.0,1260,0
1260,12.0,1261,41
1261,24.0,1262,31
1262,36.0,1263,18
1263,19.0,1264,73
1264,39.0,1265,98
1265,37.0,1266,18
1266,92.0,1267,56
1267,30.0,1268,31
1268,36.0,1269,18
1269,13.0,1270,41
1270,15.0,1271,41
1271,8.0,1272,0
1272,35.0,1273,18
1273,13.0,1274,41
1274,4.0,1275,24
1275,14.0,1276,41
1276,33.0,1277,18
1277,47.0,1278,43
1278,12.0,1279,41
1279,35.0,1280,18
1280,36.0,1281,18
1281,29.0,1282,31
1282,42.0,1283,98
1283,46.0,1284,43
1284,38.0,1285,18
1285,54.0,1286,8
1286,7.0,1287,0
1287,21.0,1288,73
1288,15.0,1289,41
1289,1.0,1290,24
1290,29.0,1291,31
1291,5.0,1292,0
1292,15.0,1293,41
1293,9.0,1294,0
1294,15.0,1295,41
1295,44.0,1296,98
1296,29.0,1297,31
1297,25.0,1298,31
1298,21.0,1299,73
1299,18.0,1300,73
1300,15.0,1301,41
1301,17.0,1302,73
1302,33.0,1303,18
1303,5.0,1304,0
1304,13.0,1305,41
1305,5.0,1306,0
1306,2.0,1307,24
1307,1.0,1308,24
1308,1.0,1309,24
1309,3.0,1310,24
1310,38.0,1311,18
1311,21.0,1312,73
1312,35.0,1313,18
1313,21.0,1314,73
1314,56.0,1315,8
1315,18.0,1316,73
1316,7.0,1317,0
1317,1.0,1318,24
1318,7.0,1319,0
1319,1.0,1320,24
1320,5.0,1321,0
1321,14.0,1322,41
1322,8.0,1323,0
1323,10.0,1324,0
1324,1.0,1325,24
1325,13.0,1326,41
1326,7.0,1327,0
1327,15.0,1328,41
1328,1.0,1329,24
1329,4.0,1330,24
1330,8.0,1331,0
1331,4.0,1332,24
1332,14.0,1333,41
1333,1.0,1334,24
1334,24.0,1335,31
1335,11.0,1336,41
1336,17.0,1337,73
1337,8.0,1338,0
1338,1.0,1339,24
1339,1.0,1340,24
1340,1.0,1341,24
1341,5.0,1342,0
1342,1.0,1343,24
1343,16.0,1344,41
1344,4.0,1345,24
1345,7.0,1346,0
1346,8.0,1347,0
1347,1.0,1348,24
1348,1.0,1349,24
1349,3.0,1350,24
1350,6.0,1351,0
1351,1.0,1352,24
1352,12.0,1353,41
1353,1.0,1354,24
1354,16.0,1355,41
1355,8.0,1356,0
1356,8.0,1357,0
1357,6.0,1358,0
1358,1.0,1359,24
1359,3.0,1360,24
1360,8.0,1361,0
1361,4.0,1362,24
1362,1.0,1363,24
1363,1.0,1364,24
1364,3.0,1365,24
1365,1.0,1366,24
1366,17.0,1367,73
1367,22.0,1368,73
1368,8.0,1369,0
1369,8.0,1370,0
1370,3.0,1371,24
1371,1.0,1372,24
1372,1.0,1373,24
1373,2.0,1374,24
1374,33.0,1375,18
1375,8.0,1376,0
1376,9.0,1377,0
1377,11.0,1378,41
1378,16.0,1379,41
1379,14.0,1380,41
1380,19.0,1381,73
1381,7.0,1382,0
1382,6.0,1383,0
1383,4.0,1384,24
1384,8.0,1385,0
1385,16.0,1386,41
1386,4.0,1387,24
1387,20.0,1388,73
1388,9.0,1389,0
1389,4.0,1390,24
1390,5.0,1391,0
1391,10.0,1392,0
1392,14.0,1393,41
1393,10.0,1394,0
1394,5.0,1395,0
1395,12.0,1396,41
1396,12.0,1397,41
1397,9.0,1398,0
1398,14.0,1399,41
1399,15.0,1400,41
1400,51.0,1401,43
1401,3.0,1402,24
1402,4.0,1403,24
1403,26.0,1404,31
1404,19.0,1405,73
1405,17.0,1406,73
1406,40.0,1407,98
1407,2.0,1408,24
1408,19.0,1409,73
1409,11.0,1410,41
1410,64.0,1411,71
1411,8.0,1412,0
1412,16.0,1413,41
1413,2.0,1414,24
1414,14.0,1415,41
1415,12.0,1416,41
1416,5.0,1417,0
1417,8.0,1418,0
1418,26.0,1419,31
1419,4.0,1420,24
1420,30.0,1421,31
1421,8.0,1422,0
1422,8.0,1423,0
1423,6.0,1424,0
1424,20.0,1425,73
1425,21.0,1426,73
1426,14.0,1427,41
1427,37.0,1428,18
1428,9.0,1429,0
1429,6.0,1430,0
1430,12.0,1431,41
1431,1.0,1432,24
1432,3.0,1433,24
1433,21.0,1434,73
1434,17.0,1435,73
1435,5.0,1436,0
1436,11.0,1437,41
1437,10.0,1438,0
1438,19.0,1439,73
1439,15.0,1440,41
1440,12.0,1441,41
1441,8.0,1442,0
1442,9.0,1443,0
1443,35.0,1444,18
1444,6.0,1445,0
1445,40.0,1446,98
1446,0.0,1447,24
1447,8.0,1448,0
1448,29.0,1449,31
1449,5.0,1450,0
1450,51.0,1451,43
1451,0.0,1452,24
1452,0.0,1453,24
1453,12.0,1454,41
1454,3.0,1455,24
1455,22.0,1456,73
1456,0.0,1457,24
1457,0.0,1458,24
1458,19.0,1459,73
1459,0.0,1460,24
1460,0.0,1461,24
1461,17.0,1462,73
1462,5.0,1463,0
1463,6.0,1464,0
1464,5.0,1465,0
1465,20.0,1466,73
1466,5.0,1467,0
1467,19.0,1468,73
1468,30.0,1469,31
1469,9.0,1470,0
1470,18.0,1471,73
1471,7.0,1472,0
1472,26.0,1473,31
1473,16.0,1474,41
1474,22.0,1475,73
1475,0.0,1476,24
1476,3.0,1477,24
1477,43.0,1478,98
1478,18.0,1479,73
1479,15.0,1480,41
1480,6.0,1481,0
1481,4.0,1482,24
1482,30.0,1483,31
1483,7.0,1484,0
1484,10.0,1485,0
1485,1.0,1486,24
1486,9.0,1487,0
1487,11.0,1488,41
1488,9.0,1489,0
1489,9.0,1490,0
1490,5.0,1491,0
1491,4.0,1492,24
1492,1.0,1493,24
1493,1.0,1494,24
1494,10.0,1495,0
1495,9.0,1496,0
1496,6.0,1497,0
1497,4.0,1498,24
1498,12.0,1499,41
1499,10.0,1500,0
1500,11.0,1501,41
1501,3.0,1502,24
1502,22.0,1503,73
1503,7.0,1504,0
1504,0.0,1505,24
1505,11.0,1506,41
1506,3.0,1507,24
1507,4.0,1508,24
1508,7.0,1509,0
1509,3.0,1510,24
1510,16.0,1511,41
1511,23.0,1512,73
1512,6.0,1513,0
1513,20.0,1514,73
1514,4.0,1515,24
1515,7.0,1516,0
1516,11.0,1517,41
1517,34.0,1518,18
1518,4.0,1519,24
1519,3.0,1520,24
1520,9.0,1521,0
1521,13.0,1522,41
1522,6.0,1523,0
1523,34.0,1524,18
1524,4.0,1525,24
1525,4.0,1526,24
1526,11.0,1527,41
1527,7.0,1528,0
1528,13.0,1529,41
1529,9.0,1530,0
1530,19.0,1531,73
1531,4.0,1532,24
1532,4.0,1533,24
1533,13.0,1534,41
1534,11.0,1535,41
1535,5.0,1536,0
1536,7.0,1537,0
1537,6.0,1538,0
1538,6.0,1539,0
1539,12.0,1540,41
1540,4.0,1541,24
1541,4.0,1542,24
1542,0.0,1543,24
1543,7.0,1544,0
1544,2.0,1545,24
1545,0.0,1546,24
1546,4.0,1547,24
1547,0.0,1548,24
1548,2.0,1549,24
1549,3.0,1550,24
1550,3.0,1551,24
1551,5.0,1552,0
1552,10.0,1553,0
1553,2.0,1554,24
1554,12.0,1555,41
1555,3.0,1556,24
1556,0.0,1557,24
1557,24.0,1558,31
1558,0.0,1559,24
1559,6.0,1560,0
1560,0.0,1561,24
1561,0.0,1562,24
1562,0.0,1563,24
1563,0.0,1564,24
1564,0.0,1565,24
1565,0.0,1566,24
1566,0.0,1567,24
1567,0.0,1568,24
1568,0.0,1569,24
1569,0.0,1570,24
1570,0.0,1571,24
1571,0.0,1572,24
1572,4.0,1573,24
1573,0.0,1574,24
1574,0.0,1575,24
1575,0.0,1576,24
1576,0.0,1577,24
1577,3.0,1578,24
1578,0.0,1579,24
1579,0.0,1580,24
1580,0.0,1581,24
1581,0.0,1582,24
1582,0.0,1583,24
1583,0.0,1584,24
1584,4.0,1585,24
1585,0.0,1586,24
1586,0.0,1587,24
1587,3.0,1588,24
1588,11.0,1589,41
1589,3.0,1590,24
1590,13.0,1591,41
1591,13.0,1592,41
1592,4.0,1593,24
1593,4.0,1594,24
1594,2.0,1595,24
1595,2.0,1596,24
1596,11.0,1597,41
1597,9.0,1598,0
1598,5.0,1599,0
1599,15.0,1600,41
1600,1.0,1601,24
1601,10.0,1602,0
1602,3.0,1603,24
1603,4.0,1604,24
1604,10.0,1605,0
1605,0.0,1606,24
1606,8.0,1607,0
1607,5.0,1608,0
1608,5.0,1609,0
1609,3.0,1610,24
1610,6.0,1611,0
1611,15.0,1612,41
1612,4.0,1613,24
1613,3.0,1614,24
1614,23.0,1615,73
1615,0.0,1616,24
1616,6.0,1617,0
1617,1.0,1618,24
1618,3.0,1619,24
1619,25.0,1620,31
1620,1.0,1621,24
1621,2.0,1622,24
1622,12.0,1623,41
1623,0.0,1624,24
1624,0.0,1625,24
1625,1.0,1626,24
1626,3.0,1627,24
1627,15.0,1628,41
1628,8.0,1629,0
1629,3.0,1630,24
1630,7.0,1631,0
1631,3.0,1632,24
1632,3.0,1633,24
1633,2.0,1634,24
1634,3.0,1635,24
1635,4.0,1636,24
1636,3.0,1637,24
1637,3.0,1638,24
1638,13.0,1639,41
1639,3.0,1640,24
1640,3.0,1641,24
1641,9.0,1642,0
1642,12.0,1643,41
1643,3.0,1644,24
1644,4.0,1645,24
1645,3.0,1646,24
1646,3.0,1647,24
1647,2.0,1648,24
1648,3.0,1649,24
1649,4.0,1650,24
1650,4.0,1651,24
1651,4.0,1652,24
1652,5.0,1653,0
1653,1.0,1654,24
1654,2.0,1655,24
1655,7.0,1656,0
1656,3.0,1657,24
1657,5.0,1658,0
1658,1.0,1659,24
1659,2.0,1660,24
1660,1.0,1661,24
1661,4.0,1662,24
1662,2.0,1663,24
1663,13.0,1664,41
1664,2.0,1665,24
1665,2.0,1666,24
1666,3.0,1667,24
1667,3.0,1668,24
1668,2.0,1669,24
1669,3.0,1670,24
1670,1.0,1671,24
1671,2.0,1672,24
1672,3.0,1673,24
1673,4.0,1674,24
1674,0.0,1675,24
1675,0.0,1676,24
1676,3.0,1677,24
1677,0.0,1678,24
1678,0.0,1679,24
1679,0.0,1680,24
1680,3.0,1681,24
1681,3.0,1682,24
